id,value
AgglomerativeCluster,3938
CommunityStructure,3812
HierarchicalCluster,6714
MergeEdge,743
BetweennessCentrality,3534
LinkDistance,5731
MaxFlowMinCut,7840
ShortestPaths,5914
SpanningTree,3416
AspectRatioBanker,7074
Easing,17010
FunctionSequence,5842
ArrayInterpolator,1983
ColorInterpolator,2047
DateInterpolator,1375
Interpolator,8746
MatrixInterpolator,2202
NumberInterpolator,1382
ObjectInterpolator,1629
PointInterpolator,1675
RectangleInterpolator,2042
ISchedulable,1041
Parallel,5176
Pause,449